3722, pyroscope, https://github.com/pyroscope-io/pyroscope, "ğŸ”¥  Continuous Profiling Platform ğŸ”¥  Debug performance issues down to a single line of code", "ruby,python,linux,golang,devops,performance,monitoring,developer-tools,profiling,observability,continuous-profiling,find-bottlenecks,pyroscope", 2020-12-31 05:47:19 +0000 UTC
3646, ticker, https://github.com/achannarasappa/ticker, "Terminal stock ticker with live updates and position tracking", "quotes,golang,terminal,tui,symbols,stock-market,ticker,cryptocurrencies,stocks,terminal-app,golang-application,financial-markets,stock-positions,stocks-app", 2021-01-24 03:50:46 +0000 UTC
3203, juicefs, https://github.com/juicedata/juicefs, "JuiceFS is a distributed POSIX file system built on top of Redis and S3.", "redis,golang,distributed-systems,storage,filesystem,s3,posix,hdfs,cloud-native,object-storage", 2021-01-08 09:39:46 +0000 UTC
3141, traitor, https://github.com/liamg/traitor, "Automatic Linux privesc via exploitation of low-hanging fruit e.g. gtfobins :arrow_up: :skull_and_crossbones:", "exploit,infosec,privilege-escalation,security-tools,privesc,hackthebox,gtfobins,redteam-tools", 2021-01-24 10:50:15 +0000 UTC
2990, lipgloss, https://github.com/charmbracelet/lipgloss, "Style definitions for nice terminal layouts ğŸ‘„", "go,cli,golang,layout,style,tui", 2021-03-01 19:31:36 +0000 UTC
2919, triangula, https://github.com/RH12503/triangula, "Generate high-quality triangulated art from images.", "art,go,golang,gui,genetic-algorithm,evolutionary-algorithms,generative-art,triangles,evolutionary-art,triangula", 2021-04-02 12:38:24 +0000 UTC
2112, high-performance-go, https://github.com/geektutu/high-performance-go, "high performance coding with golangï¼ˆGo è¯­è¨€é«˜æ€§èƒ½ç¼–ç¨‹ï¼ŒGo è¯­è¨€é™·é˜±ï¼ŒGotchasï¼ŒTrapsï¼‰", "go,golang,high-performance,effective-golang", 2020-11-22 15:00:37 +0000 UTC
1997, encore, https://github.com/encoredev/encore, "The Go backend framework with superpowers", "go,api,microservices,framework,backend,encore", 2021-02-17 16:33:24 +0000 UTC
1556, imgdiff, https://github.com/n7olkachev/imgdiff, "Faster than the fastest in the world pixel-by-pixel image difference tool.", "", 2020-12-12 14:25:51 +0000 UTC
1526, grit, https://github.com/climech/grit, "Multitree-based personal task manager", "productivity,todo,graph,grit,multitree", 2020-11-11 09:10:25 +0000 UTC
1472, cloudquery, https://github.com/cloudquery/cloudquery, "cloudquery transforms your cloud infrastructure into SQL database for easy monitoring, governance and security.", "aws,security,cis,sql,monitor,azure,gcp,cloud-computing,compliance,cloudtrail,aws-security,cis-benchmark,well-architected,gcp-security,cspm", 2020-11-18 07:16:21 +0000 UTC
1396, fscan, https://github.com/shadow1ng/fscan, "ä¸€æ¬¾å†…ç½‘ç»¼åˆæ‰«æå·¥å…·ï¼Œæ–¹ä¾¿ä¸€é”®è‡ªåŠ¨åŒ–ã€å…¨æ–¹ä½æ¼æ‰«æ‰«æã€‚", "", 2020-11-13 16:35:20 +0000 UTC
1280, iamlive, https://github.com/iann0036/iamlive, "Generate an IAM policy from AWS calls using client-side monitoring (CSM) or embedded proxy", "", 2021-02-04 10:57:02 +0000 UTC
1240, proxify, https://github.com/projectdiscovery/proxify, "Swiss Army knife Proxy tool for HTTP/HTTPS traffic capture, manipulation, and replay on the go.", "proxy,mitm,mitmproxy,socks5-proxy", 2020-11-27 15:40:49 +0000 UTC
956, urlhunter, https://github.com/utkusen/urlhunter, "a recon tool that allows searching on URLs that are exposed via shortener services", "security,intelligence,osint,recon,bugbounty", 2020-11-21 08:05:57 +0000 UTC
936, karmada, https://github.com/karmada-io/karmada, "Open, Multi-Cloud, Multi-Cluster Kubernetes Orchestration", "kubernetes,containers,cloud-computing,cloud-native,multicloud", 2020-11-10 11:35:54 +0000 UTC
902, ScareCrow, https://github.com/optiv/ScareCrow, "ScareCrow - Payload creation framework designed around EDR bypass.", "", 2021-01-25 02:21:23 +0000 UTC
887, InScan, https://github.com/inbug-team/InScan, "è¾¹ç•Œæ‰“ç‚¹åçš„è‡ªåŠ¨åŒ–æ¸—é€å·¥å…·", "", 2021-04-10 09:21:39 +0000 UTC
886, docuowl, https://github.com/docuowl/docuowl, "ğŸ¦‰ A documentation generator", "documentation,documentation-generator,documentation-site,documentation-website,documentation-template", 2021-03-27 16:35:47 +0000 UTC
837, nerdctl, https://github.com/containerd/nerdctl, "Docker-compatible CLI for containerd, with support for Compose", "", 2020-12-04 10:09:03 +0000 UTC
790, notify, https://github.com/nikoksr/notify, "A dead simple Go library for sending notifications to various messaging services.", "notifications,slack,bot,golang,twitter,telegram,line,email,discord,messaging,mailgun,whatsapp,sendgrid,aws-ses,pushbullet,plivo,hacktoberfest,rocketchat,microsoft-teams,amazon-ses", 2021-01-24 23:07:29 +0000 UTC
767, Neurax, https://github.com/redcode-labs/Neurax, "A framework for constructing self-spreading binaries", "golang,malware,worm,self-spreading", 2020-11-27 13:08:09 +0000 UTC
741, kiterunner, https://github.com/assetnote/kiterunner, "Contextual Content Discovery Tool", "", 2021-04-07 04:03:00 +0000 UTC
739, pcp, https://github.com/dennis-tra/pcp, "ğŸ“¦ Command line peer-to-peer data transfer tool based on libp2p.", "cli,peer-to-peer,ipfs,file-sharing,dht,data-transfer,mdns,libp2p,pake", 2021-01-18 18:57:42 +0000 UTC
702, reproxy, https://github.com/umputun/reproxy, "Simple edge server / reverse proxy", "proxy,proxy-server,reverse-proxy", 2021-03-28 21:05:23 +0000 UTC
631, golangFamily, https://github.com/xiaobaiTech/golangFamily, "ã€è¶…å…¨golangé¢è¯•é¢˜åˆé›†+golangå­¦ä¹ æŒ‡å—+golangçŸ¥è¯†å›¾è°±+å…¥é—¨æˆé•¿è·¯çº¿ã€‘ ä¸€ä»½æ¶µç›–å¤§éƒ¨åˆ†golangç¨‹åºå‘˜æ‰€éœ€è¦æŒæ¡çš„æ ¸å¿ƒçŸ¥è¯†ã€‚å¸¸ç”¨ç¬¬ä¸‰æ–¹åº“(mysql,mq,es,redisç­‰)+æœºå™¨å­¦ä¹ åº“+ç®—æ³•åº“+æ¸¸æˆåº“+å¼€æºæ¡†æ¶+è‡ªç„¶è¯­è¨€å¤„ç†nlpåº“+ç½‘ç»œåº“+è§†é¢‘åº“+å¾®æœåŠ¡æ¡†æ¶+è§†é¢‘æ•™ç¨‹+éŸ³é¢‘éŸ³ä¹åº“+å›¾å½¢å›¾ç‰‡åº“+ç‰©è”ç½‘åº“+åœ°ç†ä½ç½®ä¿¡æ¯+åµŒå…¥å¼è„šæœ¬åº“+ç¼–è¯‘å™¨åº“+æ•°æ®åº“+é‡‘èåº“+ç”µå­é‚®ä»¶åº“+ç”µå­ä¹¦ç±+åˆ†è¯+æ•°æ®ç»“æ„+è®¾è®¡æ¨¡å¼+å»html tagæ ‡ç­¾ç­‰+goå­¦ä¹ +goé¢è¯•", "", 2021-01-06 03:12:31 +0000 UTC
631, alist, https://github.com/Xhofe/alist, "ä¸€ä¸ªé˜¿é‡Œäº‘ç›˜åˆ—è¡¨ç¨‹åº", "", 2020-12-23 17:40:29 +0000 UTC
621, sec-dev-in-action-src, https://github.com/netxfly/sec-dev-in-action-src, "ã€Šç™½å¸½å­å®‰å…¨å¼€å‘å®æˆ˜ã€‹é…å¥—ä»£ç ", "", 2020-12-25 06:06:16 +0000 UTC
620, pbgopy, https://github.com/nakabonne/pbgopy, "Copy and paste between devices", "go,cli,golang,clipboard,copy-paste", 2020-11-25 12:35:10 +0000 UTC
619, doggo, https://github.com/mr-karan/doggo, ":dog: Command-line DNS Client for Humans. Written in Golang", "dns,dns-client,doh", 2020-12-09 05:07:07 +0000 UTC
589, spaghetti, https://github.com/adonovan/spaghetti, "Spaghetti: a dependency analysis tool for Go packages", "", 2021-03-30 16:34:34 +0000 UTC
557, what-anime-cli, https://github.com/irevenko/what-anime-cli, "â“ğŸ–¼ Find the anime scene by image using your terminal", "go,cli,golang,anime,golang-wrapper,cli-app,animes,anime-search,golang-application,anime-fans,go-cli,go-cli-example", 2021-01-17 19:28:40 +0000 UTC
531, cds, https://github.com/tal-tech/cds, "Data syncing in golang for ClickHouse.", "go,golang,clickhouse,bigdata,kafka-consumer", 2020-11-25 06:28:58 +0000 UTC
531, local-php-security-checker, https://github.com/fabpot/local-php-security-checker, "PHP security vulnerabilities checker", "php,security,packagist,composer", 2021-01-15 07:02:07 +0000 UTC
523, uroboros, https://github.com/evilsocket/uroboros, "A GNU/Linux monitoring and profiling tool focused on single processes.", "", 2020-12-28 16:21:56 +0000 UTC
494, sx, https://github.com/v-byte-cpu/sx, ":vulcan_salute: Fast, modern, easy-to-use network scanner", "go,docker,golang,security,tcp,lan,proxy,udp,scanner,icmp,ipv4,scan,socks,socks5,arp,socks-proxy,infosec,elastic,syn", 2020-12-20 14:11:17 +0000 UTC
494, ditto, https://github.com/evilsocket/ditto, "A tool for IDN homograph attacks and detection.", "", 2021-01-28 13:46:48 +0000 UTC
483, netmaker, https://github.com/gravitl/netmaker, "Netmaker makes networks. Netmaker makes networking easy, fast, and secure across all environments.", "", 2021-03-25 15:33:08 +0000 UTC
483, Elkeid, https://github.com/bytedance/Elkeid, "Elkeid is a Cloud-Native Host-Based Intrusion Detection solution project to provide next-generation Threat Detection and Behavior Audition with modern architecture.", "security,hids", 2020-12-18 03:15:54 +0000 UTC
481, fake-sms, https://github.com/Narasimha1997/fake-sms, "A simple command line tool using which you can skip phone number based SMS verification by using a temporary phone number that acts like a proxy.", "go,golang,privacy,go-modules", 2021-02-18 15:18:50 +0000 UTC
470, kcp, https://github.com/kcp-dev/kcp, "kcp is a prototype of a Kubernetes API server that is not a Kubernetes cluster - a place to create, update, and maintain Kube-like APis with controllers above or without clusters.", "", 2021-03-31 13:20:20 +0000 UTC
468, cosign, https://github.com/sigstore/cosign, "Container Signing", "", 2021-02-04 12:49:39 +0000 UTC
462, tz, https://github.com/oz/tz, "ğŸŒ A time zone helper", "timezone,tzdata,zone-helper", 2021-01-30 19:27:26 +0000 UTC
453, lazyssh, https://github.com/stephank/lazyssh, "A jump-host SSH server that starts machines on-demand", "", 2020-11-13 10:54:47 +0000 UTC
438, wtf, https://github.com/benbjohnson/wtf, "WTF Dial is an example application written in Go.", "go,application", 2020-11-10 22:55:10 +0000 UTC
434, statsview, https://github.com/go-echarts/statsview, "ğŸš€ A real-time Golang runtime stats visualization profiler", "", 2020-11-15 18:45:41 +0000 UTC
428, generativeart, https://github.com/jdxyw/generativeart, "Generative Art in Go", "go,golang,creative-coding,generative-art,generative,perlin-noise", 2021-02-26 03:55:17 +0000 UTC
410, DownloadBot, https://github.com/gaowanliang/DownloadBot, "(Currently) ğŸ¤– A Telegram Bot that can control your Aria2 server, control server files and also upload to OneDrive/Google Drive.", "googledrive,telegram-bot,websocket,onedrive,magnet,aria2-server", 2020-12-04 01:33:06 +0000 UTC
406, dnsx, https://github.com/projectdiscovery/dnsx, "dnsx is a fast and multi-purpose DNS toolkit allow to run multiple DNS queries of your choice with a list of user-supplied resolvers.", "dns-client", 2020-11-12 18:20:20 +0000 UTC
403, rf, https://github.com/rsc/rf, "A refactoring tool for Go", "", 2020-11-18 04:40:50 +0000 UTC
381, git-xargs, https://github.com/gruntwork-io/git-xargs, "git-xargs is a command-line tool (CLI) for making updates across multiple Github repositories with a single command. ", "git,cli,golang,productivity,automation", 2021-03-16 10:49:54 +0000 UTC
380, tsukae, https://github.com/irevenko/tsukae, "ğŸšğŸ“Š Show off your most used shell commands", "visualization,go,shell,cli,golang,commandline,terminal,command,command-line,commands,command-line-tool,terminal-based,golang-tools", 2021-02-19 06:05:48 +0000 UTC
379, netflix-verify, https://github.com/sjlleo/netflix-verify, "æµåª’ä½“NetFlixè§£é”æ£€æµ‹è„šæœ¬ / A script used to determine whether your network can watch native Netflix movies or not", "", 2021-02-23 12:44:17 +0000 UTC
377, superedge, https://github.com/superedge/superedge, "An edge-native container management system for edge computing", "", 2020-12-19 03:42:55 +0000 UTC
364, GoScan, https://github.com/CTF-MissFeng/GoScan, "GoScanæ˜¯é‡‡ç”¨Golangè¯­è¨€ç¼–å†™çš„ä¸€æ¬¾åˆ†å¸ƒå¼ç»¼åˆèµ„äº§ç®¡ç†ç³»ç»Ÿï¼Œé€‚åˆçº¢é˜Ÿã€SRCç­‰ä½¿ç”¨", "", 2020-12-13 11:08:12 +0000 UTC
360, software, https://github.com/deepvalue-network/software, "DeepValueNetwork is a peer-to-peer database network managed and hosted by its community.  It contains a browser to render 2D/3D content and allow the creation of scripted applications built on top of the p2p database network and managed by its creators, without intermediary platform.", "database,opengl,network,decentralized,p2p,3d,2d", 2021-01-26 01:00:17 +0000 UTC
355, galene, https://github.com/jech/galene, "The GalÃ¨ne videoconference server", "", 2020-12-19 18:44:46 +0000 UTC
354, EasyFaaS, https://github.com/baidu/EasyFaaS, "EasyFaaSæ˜¯ä¸€ä¸ªä¾èµ–è½»ã€é€‚é…æ€§å¼ºã€èµ„æºå ç”¨å°‘ã€æ— çŠ¶æ€ä¸”é«˜æ€§èƒ½çš„å‡½æ•°è®¡ç®—æœåŠ¡å¼•æ“", "", 2021-04-06 13:33:45 +0000 UTC
339, confused, https://github.com/visma-prodsec/confused, "Tool to check for dependency confusion vulnerabilities in multiple package management systems", "javascript,python,java,php,npm,maven,pypi,infosec,namespaces,confusion-detection", 2021-02-10 09:06:56 +0000 UTC
321, aws-lambda-runtime-interface-emulator, https://github.com/aws/aws-lambda-runtime-interface-emulator, "", "", 2020-11-24 22:04:42 +0000 UTC
306, gengine, https://github.com/bilibili/gengine, "", "", 2021-02-07 09:15:00 +0000 UTC
304, teller, https://github.com/SpectralOps/teller, "A secrets management tool for developers built in Go - never leave your command line for secrets.", "heroku,go,golang,aws,vault,secret-management,secrets,hashicorp,gce", 2021-03-24 10:49:44 +0000 UTC
303, pingme, https://github.com/kha7iq/pingme, "PingMe is a CLI tool which provides the ability to send messages or alerts to multiple messaging platforms & email.", "slack,cli,alert,telegram,email,discord,messaging,pushover,mattermost,rocketchat,microsoft-teams,pingme", 2021-04-13 13:49:32 +0000 UTC
298, kscan, https://github.com/lcvvvv/kscan, "Kscanæ˜¯ä¸€æ¬¾è½»é‡çº§çš„èµ„äº§å‘ç°å·¥å…·ï¼Œå¯é’ˆå¯¹IP/IPæ®µæˆ–èµ„äº§åˆ—è¡¨è¿›è¡Œç«¯å£æ‰«æä»¥åŠTCPæŒ‡çº¹è¯†åˆ«å’ŒBanneræŠ“å–ï¼Œåœ¨ä¸å‘é€æ›´å¤šçš„æ•°æ®åŒ…çš„æƒ…å†µä¸‹å°½å¯èƒ½çš„è·å–ç«¯å£æ›´å¤šä¿¡æ¯ã€‚ ", "", 2021-01-25 02:15:36 +0000 UTC
295, mubeng, https://github.com/kitabisa/mubeng, "An incredibly fast proxy checker & IP rotator with ease.", "proxy,proxy-server,http-proxy,https-proxy,socks5,proxy-list,socks5-proxy,proxy-checker,proxy-rotator,ip-rate-limit,proxy-rotation,ip-rotation", 2021-01-16 00:33:07 +0000 UTC
293, interactsh, https://github.com/projectdiscovery/interactsh, "An OOB interaction gathering server and client library", "out-of-band,http-interaction,dns-interaction,smtp-interaction", 2021-01-29 14:31:51 +0000 UTC
273, ios-signer-service, https://github.com/SignTools/ios-signer-service, "âœ’ A self-hosted, cross-platform service to sign and install iOS apps, all without a computer", "ios,cross-platform,signing,ci,apps,ipa,sideload", 2021-02-14 19:55:55 +0000 UTC
267, twitch-cli, https://github.com/twitchdev/twitch-cli, "The official Twitch CLI to make developing on Twitch easier.", "cli,twitch", 2020-12-14 17:30:03 +0000 UTC
263, go-generics-example, https://github.com/mattn/go-generics-example, "Example code for Go generics", "go,golang,examples,generics", 2021-03-21 13:31:50 +0000 UTC
263, go-fluent-ffmpeg, https://github.com/modfy/go-fluent-ffmpeg, "A Go implementation of fluent-ffmpeg", "go,ffmpeg,fluent-ffmpeg,go-fluent-ffmpeg", 2021-01-30 19:46:14 +0000 UTC
262, steampipe, https://github.com/turbot/steampipe, "Use SQL to instantly query your cloud services (AWS, Azure, GCP and more). Open source CLI. No DB required. ", "sql,postgresql,fdw,steampipe,postgresql-fdw", 2021-01-17 14:07:26 +0000 UTC
261, watson, https://github.com/genkami/watson, "WATSON: Wasted but Amazing Turing-incomplete Stack-based Object Notation", "go,golang,encoding,serialization,esoteric-language,esolang", 2020-12-05 08:48:03 +0000 UTC
258, cook, https://github.com/giteshnxtlvl/cook, "Easily create word's permutation and combination to generate complex wordlists and passwords.", "password-generator,wordlist-generator,wordlists,advance-permutation,predefined-sets", 2020-11-10 14:42:07 +0000 UTC
257, chanify, https://github.com/chanify/chanify, "Chanify is a safe and simple notification tools. This repository is command line tools for Chanify.", "notifications,docker,golang,server,notification-api,rest-api,webhook,docker-image,notification-service,push-notifications,anonymous,apns,notifications-alert,message-workflow", 2021-02-25 17:20:04 +0000 UTC
257, oauth, https://github.com/cli/oauth, "A library for performing OAuth Device flow and Web application flow in Go client apps.", "cli,golang,oauth2", 2020-12-06 21:48:29 +0000 UTC
255, datacenter, https://github.com/jackluo2012/datacenter, "æ•°æ®ä¸­å°ç³»ç»Ÿï¼ŒåŸºäºgo-zeroæ¡†æ¶", "", 2020-12-17 03:22:20 +0000 UTC
252, 10-things-linux, https://github.com/carltheperson/10-things-linux, "Getting better at Linux with 10 mini-projects.", "", 2020-12-26 13:13:55 +0000 UTC
251, gchalk, https://github.com/jwalton/gchalk, "Terminal string styling for go done right, with full and painless Windows 10 support.", "golang,ansi,chalk", 2021-03-02 21:56:11 +0000 UTC
247, netz, https://github.com/SpectralOps/netz, "Discover internet-wide misconfigurations while drinking coffee", "go,golang,osint,scanner,cybersecurity", 2021-03-03 18:47:21 +0000 UTC
240, erda, https://github.com/erda-project/erda, "Enterprise-grade application building, deployment, monitoring platform (An iPaaS).", "go,docker,kubernetes,golang,devops,microservice,containers,ci-cd,apm,cmp", 2021-03-05 02:58:27 +0000 UTC
231, klog, https://github.com/jotaen/klog, "A plain-text file format and command line tool for time tracking", "cli,command-line,file-format,plain-text,time-tracker,command-line-tool,plaintext,fileformat,time-tracking,klog", 2020-12-03 11:34:58 +0000 UTC
230, DirDar, https://github.com/M4DM0e/DirDar, "DirDar is a tool that searches for (403-Forbidden) directories to break it and get dir listing on it", "golang,hacking,bug-bounty,pentest,bypass,bugcrowd,hackerone,forbiddens,dir-listing", 2021-01-03 20:38:07 +0000 UTC
226, smug, https://github.com/ivaaaan/smug, "A session manager for tmux written in Go", "tmux,golang", 2020-12-20 13:04:19 +0000 UTC
224, email-verifier, https://github.com/AfterShip/email-verifier, ":white_check_mark: A Go library for email verification without sending any emails.", "go,validation,email,verification,smtp,disposable,verifier", 2020-12-18 08:47:28 +0000 UTC
219, mosdns, https://github.com/IrineSistiana/mosdns, "æ’ä»¶åŒ– DNS è·¯ç”±/è½¬å‘å™¨ã€‚", "v2ray,dns-server,chinadns,dns-over-https,dns-proxy,dns-over-tls,mos-chinadns,mosdns", 2020-11-26 17:29:09 +0000 UTC
218, bramble, https://github.com/movio/bramble, "The Movio GraphQL Gateway", "graphql,graphql-server,federation,bramble,graphql-golang", 2021-02-05 02:23:02 +0000 UTC
217, vulndb, https://github.com/golang/vulndb, "The Go Vulnerability Database", "", 2021-04-16 11:56:49 +0000 UTC
208, go-financial, https://github.com/razorpay/go-financial, "A go port of numpy-financial functions and more.", "", 2020-12-09 08:01:34 +0000 UTC
207, goful, https://github.com/anmitsu/goful, "Goful is a CUI file manager written in Go.", "go,golang,tui,file-manager,cui", 2021-01-14 13:23:09 +0000 UTC
206, collyzar, https://github.com/Zartenc/collyzar, "Distributed redis-based web crawler framework for colly ", "", 2020-12-29 12:43:29 +0000 UTC
206, fractal, https://github.com/kochampsy/fractal, "A small mandelbrot set renderer in Go", "", 2020-11-21 13:53:16 +0000 UTC
204, dither, https://github.com/makeworld-the-better-one/dither, "A fast, correct image dithering library in Go.", "dithering-algorithms,dithering-images,ordered-dithering", 2021-02-12 04:25:06 +0000 UTC
204, MobileHackersWeapons, https://github.com/hahwul/MobileHackersWeapons, "Mobile Hacker's Weapons / A collection of cool tools used by Mobile hackers. Happy hacking , Happy bug-hunting", "android,security,ios,tools,scanner,hacking,awesome-list,bugbounty,mobilehacks,bugbountytips", 2021-01-12 16:03:41 +0000 UTC
202, IPCDump, https://github.com/guardicore/IPCDump, "", "", 2021-01-19 15:32:00 +0000 UTC
199, smithy, https://github.com/honza/smithy, "A tiny git forge written in Go", "", 2020-11-20 01:27:28 +0000 UTC
195, maotai, https://github.com/onjava8/maotai, "", "", 2021-01-12 14:20:21 +0000 UTC
195, Gem, https://github.com/gpldirk/Gem, "", "", 2020-11-15 04:21:01 +0000 UTC
194, cve-2021-3449, https://github.com/terorie/cve-2021-3449, "CVE-2021-3449 OpenSSL denial-of-service exploit ğŸ‘¨ğŸ»\u200dğŸ’»", "tls,exploit,openssl,denial-of-service,cve-2021-3449", 2021-03-26 01:09:25 +0000 UTC
194, pitop, https://github.com/PierreKieffer/pitop, "Raspberry Pi terminal based activity monitor", "raspberry-pi,monitoring,terminal-based", 2021-01-19 14:36:18 +0000 UTC
193, whatscli, https://github.com/normen/whatscli, "A command line interface for WhatsApp", "", 2020-11-16 00:48:45 +0000 UTC
